NaturalId,SentenceId,Source,Sentence,CB Sentence Start Time
Audio;2025040111115681103265267559660601,5752482066,AUDIO,I,159
Audio;2025040111115681103265267559660601,5752481746,AUDIO,Thank you for choosing Optimum Business Home of Optimum Mobile.,649
Audio;2025040111115681103265267559660601,5752481747,AUDIO,This is Ron,3809
Audio;2025040111115681103265267559660601,5752481748,AUDIO,who am I speaking with,3809
Audio;2025040111115681103265267559660601,5752482067,AUDIO,Mo,7219
Audio;2025040111115681103265267559660601,5752481749,AUDIO,"OK, um, um, are you calling in regards to a business account or a residential account, sir?",9300
Audio;2025040111115681103265267559660601,5752482068,AUDIO,Actually I have the residential account like.,15779
Audio;2025040111115681103265267559660601,5752482069,AUDIO,"Already at your company, you know",19229
Audio;2025040111115681103265267559660601,5752482070,AUDIO,uh I want to know the information,19229
Audio;2025040111115681103265267559660601,5752481750,AUDIO,OK.,21500
Audio;2025040111115681103265267559660601,5752482071,AUDIO,I want to open uh at my business account,23750
Audio;2025040111115681103265267559660601,5752482072,AUDIO,you know,23750
Audio;2025040111115681103265267559660601,5752481751,AUDIO,"OK, so if you wanted to open a business account, I would need to collect your information, uh, to confirm, uh, the availability and service.",27659
Audio;2025040111115681103265267559660601,5752482073,AUDIO,So I want XXX East Royal Boulevard.,28440
Audio;2025040111115681103265267559660601,5752481752,AUDIO,"Uh, can you tell me the address that you are potentially looking to have services at?",35150
Audio;2025040111115681103265267559660601,5752481753,AUDIO,"OK, and what is the zip code, sir?",46389
Audio;2025040111115681103265267559660601,5752482074,AUDIO,I am sorry?,53180
Audio;2025040111115681103265267559660601,5752481754,AUDIO,What is the zip code for Royal Boulevard?,54319
Audio;2025040111115681103265267559660601,5752482075,AUDIO,XXXXXX.,57009
Audio;2025040111115681103265267559660601,5752481755,AUDIO,XXXXX thank you.,61840
Audio;2025040111115681103265267559660601,5752481756,AUDIO,"Alright, and uh is there like um.",65949
Audio;2025040111115681103265267559660601,5752481757,AUDIO,Did you say east or west?,71910
Audio;2025040111115681103265267559660601,5752481758,AUDIO,I am sorry.,73019
Audio;2025040111115681103265267559660601,5752481759,AUDIO,"Oh, you did say eat, sorry about that.",75480
Audio;2025040111115681103265267559660601,5752482076,AUDIO,XXX East Royal Boulevard.,77940
Audio;2025040111115681103265267559660601,5752481760,AUDIO,"OK, XXX, alright, so I am not actually seeing XXX.",81110
Audio;2025040111115681103265267559660601,5752481761,AUDIO,Do they currently have services there?,85650
Audio;2025040111115681103265267559660601,5752481762,AUDIO,"It is XXX, right?",87269
Audio;2025040111115681103265267559660601,5752482077,AUDIO,"Yeah, XXX.",89540
Audio;2025040111115681103265267559660601,5752481763,AUDIO,"OK, um, do you currently have services there?",91470
Audio;2025040111115681103265267559660601,5752482078,AUDIO,"Yeah, right now we with the Centrelink, you know.",95449
Audio;2025040111115681103265267559660601,5752481764,AUDIO,OK.,98569
Audio;2025040111115681103265267559660601,5752481765,AUDIO,All right.,99989
Audio;2025040111115681103265267559660601,5752482079,AUDIO,"Oh, brit, Brice.",100779
Audio;2025040111115681103265267559660601,5752481766,AUDIO,Right space.,102819
Audio;2025040111115681103265267559660601,5752481767,AUDIO,"OK, so let me see, uh, I just need to collect a little bit more information from you, sir.",103419
Audio;2025040111115681103265267559660601,5752481768,AUDIO,"Uh, first, let me get a good phone number for you.",108940
Audio;2025040111115681103265267559660601,5752482080,AUDIO,XXX XXX XXX X.,112660
Audio;2025040111115681103265267559660601,5752481769,AUDIO,"Thank you, um, and what is the name of the business?",120970
Audio;2025040111115681103265267559660601,5752482081,AUDIO,Donut Palace.,125250
Audio;2025040111115681103265267559660601,5752481770,AUDIO,You said do not not tell us?,128389
Audio;2025040111115681103265267559660601,5752482082,AUDIO,Yes,130369
Audio;2025040111115681103265267559660601,5752481771,AUDIO,"All right, can you spell that for me so I have it accurate?",131059
Audio;2025040111115681103265267559660601,5752482083,AUDIO,"Uh, it is Malakov Donut Palace, you know",135289
Audio;2025040111115681103265267559660601,5752482084,AUDIO,"like Malakov is city and uh donut palace, donut, you know, and palace",135289
Audio;2025040111115681103265267559660601,5752481772,AUDIO,"Oh, Donut Palace.",141770
Audio;2025040111115681103265267559660601,5752481773,AUDIO,"OK, got it.",143399
Audio;2025040111115681103265267559660601,5752482085,AUDIO,Yeah.,144369
Audio;2025040111115681103265267559660601,5752481774,AUDIO,"Alright, so Donut Palace and what is a good email for you?",144399
Audio;2025040111115681103265267559660601,5752482086,AUDIO,Like a MOV.,150429
Audio;2025040111115681103265267559660601,5752482087,AUDIO,I am like my dad or like.,152750
Audio;2025040111115681103265267559660601,5752482088,AUDIO,"And V like Victor, S like Sam, O like Oscar again, and U like umbrella at gmail.com.",155309
Audio;2025040111115681103265267559660601,5752482089,AUDIO,M O V S O U at gmail.com.,162470
Audio;2025040111115681103265267559660601,5752481775,AUDIO,"OK, Mozo M O V S O U at gmail.com.",166100
Audio;2025040111115681103265267559660601,5752482090,AUDIO,Yeah.,170630
Audio;2025040111115681103265267559660601,5752481776,AUDIO,OK perfect.,171389
Audio;2025040111115681103265267559660601,5752481777,AUDIO,"Alright, now for me um can you just uh just spell your first and last name here so I have it correct as well.",172710
Audio;2025040111115681103265267559660601,5752482091,AUDIO,"MOV, first name and S O U, last name.",180479
Audio;2025040111115681103265267559660601,5752481778,AUDIO,SOU first name.,185039
Audio;2025040111115681103265267559660601,5752481779,AUDIO,Got it.,186210
Audio;2025040111115681103265267559660601,5752481780,AUDIO,MOV first name S O U last.,186669
Audio;2025040111115681103265267559660601,5752481781,AUDIO,Thank you.,188490
Audio;2025040111115681103265267559660601,5752482092,AUDIO,Yes.,189470
Audio;2025040111115681103265267559660601,5752481782,AUDIO,Appreciate that.,190729
Audio;2025040111115681103265267559660601,5752481783,AUDIO,"Um, let us see here now.",192660
Audio;2025040111115681103265267559660601,5752482093,AUDIO,"And you, you, you are going to check it.",194660
Audio;2025040111115681103265267559660601,5752482094,AUDIO,"I think it should they have a service over there because like my house close to my business, just X minutes away, you know.",197119
Audio;2025040111115681103265267559660601,5752482095,AUDIO,I use the optimum internet right now for like a long time,203220
Audio;2025040111115681103265267559660601,5752482096,AUDIO,you know,203220
Audio;2025040111115681103265267559660601,5752481784,AUDIO,"Yeah, so I am showing that we service a number of areas uh in in that location.",208100
Audio;2025040111115681103265267559660601,5752481785,AUDIO,"I just wanted to confirm that specific location in that building so that we can, you know, see what we can do to get you up and running now.",212729
Audio;2025040111115681103265267559660601,5752481786,AUDIO,"uh, I am going to just get, uh, my support team on the line",219839
Audio;2025040111115681103265267559660601,5752481787,AUDIO,"I wanted to ask you what um what services do you currently have like you have, um, I know you have internet you said um what speed internet do you currently have",219839
Audio;2025040111115681103265267559660601,5752482097,AUDIO,Mm.,236259
Audio;2025040111115681103265267559660601,5752482098,AUDIO,"I, the thing is like, I think it is XX, you know, XX megabytes that because like at the.",238800
Audio;2025040111115681103265267559660601,5752481788,AUDIO,"Mm, OK.",242580
Audio;2025040111115681103265267559660601,5752481789,AUDIO,"Now, as far as as.",243759
Audio;2025040111115681103265267559660601,5752481790,AUDIO,Go ahead.,246300
Audio;2025040111115681103265267559660601,5752482099,AUDIO,"Go ahead, go ahead, go ahead.",247690
Audio;2025040111115681103265267559660601,5752481791,AUDIO,"Well, I wanted to ask you how many um registers or how many POS systems or how many cameras do you have at Donut Palace?",248800
Audio;2025040111115681103265267559660601,5752482100,AUDIO,"Uh, actually, we never, we have not, I have not connect to the internet yet on the camera.",255940
Audio;2025040111115681103265267559660601,5752482101,AUDIO,"Actually, my internet I just used for my credit card.",263140
Audio;2025040111115681103265267559660601,5752481792,AUDIO,Got it.,263279
Audio;2025040111115681103265267559660601,5752482102,AUDIO,"That is it, you know.",266459
Audio;2025040111115681103265267559660601,5752481793,AUDIO,"OK, so you just got the POS system that you are using right now?",267250
Audio;2025040111115681103265267559660601,5752482103,AUDIO,And and phone line.,268029
Audio;2025040111115681103265267559660601,5752482104,AUDIO,"Yeah, because like, but later on I want to connect to the camera, you know, but not right now.",271239
Audio;2025040111115681103265267559660601,5752481794,AUDIO,"Of course, of course.",275250
Audio;2025040111115681103265267559660601,5752481795,AUDIO,"OK, just wanted to make sure.",276609
Audio;2025040111115681103265267559660601,5752482105,AUDIO,"So, the thing is like, so the thing is like how many, like at my home, my residential and the house.",277119
Audio;2025040111115681103265267559660601,5752482106,AUDIO,"Uh, I put XXX megabytes",284640
Audio;2025040111115681103265267559660601,5752482107,AUDIO,you know,284640
Audio;2025040111115681103265267559660601,5752481796,AUDIO,"OK, OK.",288390
Audio;2025040111115681103265267559660601,5752482108,AUDIO,"And then, uh, they charge me like $40.27 every month.",289260
Audio;2025040111115681103265267559660601,5752481797,AUDIO,OK.,293859
Audio;2025040111115681103265267559660601,5752482109,AUDIO,"Autopay, you know.",294010
Audio;2025040111115681103265267559660601,5752481798,AUDIO,"Yeah, so I mean that is, that is too, so you want to look at it that a home is for entertainment.",295769
Audio;2025040111115681103265267559660601,5752481799,AUDIO,That is not where you are going to be running your business.,300239
Audio;2025040111115681103265267559660601,5752481800,AUDIO,"That is not, you know, people are not going to be using",302359
Audio;2025040111115681103265267559660601,5752481801,AUDIO,"you know, your Wi Fi",302359
Audio;2025040111115681103265267559660601,5752481802,AUDIO,"You are not, you are not going to be conducting transactions at your house.",305600
Audio;2025040111115681103265267559660601,5752481803,AUDIO,"A home is strictly entertainment, so on the business side, that is when we get serious.",308760
Audio;2025040111115681103265267559660601,5752481804,AUDIO,That is how people make money to take care of their family.,312959
Audio;2025040111115681103265267559660601,5752481805,AUDIO,So you want to have the best equipment.,315880
Audio;2025040111115681103265267559660601,5752481806,AUDIO,So the business services is not like.,317839
Audio;2025040111115681103265267559660601,5752481807,AUDIO,"Home, home is entertainment, you know, fun and laughs and watching TV and business is serious, you know, you need, uh, the right equipment because when people come there they are going to want to take a selfie, they are going to want to use the phone they are going on an order and you want those transactions to process.",320170
Audio;2025040111115681103265267559660601,5752482110,AUDIO,OK.,321600
Audio;2025040111115681103265267559660601,5752481808,AUDIO,"So this is going to be very serious business and something totally different than the home home is nice and everything, but you know we want to keep you in business and we want you to grow and you need the equipment to do that.",334670
Audio;2025040111115681103265267559660601,5752481809,AUDIO,So let me take a look.,344869
Audio;2025040111115681103265267559660601,5752482111,AUDIO,"So OK, and, and tell me, you know, and then which, which, which speed you you you recommend, you know.",345690
Audio;2025040111115681103265267559660601,5752481810,AUDIO,Go ahead.,346950
Audio;2025040111115681103265267559660601,5752481811,AUDIO,"Exactly, yeah, well I will take a look",353390
Audio;2025040111115681103265267559660601,5752481812,AUDIO,I will see what we have,353390
Audio;2025040111115681103265267559660601,5752481813,AUDIO,I will review that with you,353390
Audio;2025040111115681103265267559660601,5752481814,AUDIO,I will be back in just a few moments.,357149
Audio;2025040111115681103265267559660601,5752482112,AUDIO,OK.,359679
Audio;2025040111115681103265267559660601,5752481815,AUDIO,"Hey Mo, I wanted to ask you, um, for you, I am still",427790
Audio;2025040111115681103265267559660601,5752481816,AUDIO,"I do not need this yet for your business, are you using a tax ID",427790
Audio;2025040111115681103265267559660601,5752482113,AUDIO,"I do not know, maybe",440140
Audio;2025040111115681103265267559660601,5752482114,AUDIO,you know,440140
Audio;2025040111115681103265267559660601,5752481817,AUDIO,"OK, well, yeah, I just need to know because we will need a tax ID EIN or or social",442130
Audio;2025040111115681103265267559660601,5752481818,AUDIO,so I just wanted to confirm,442130
Audio;2025040111115681103265267559660601,5752482115,AUDIO,"Uh, we have a tax ID.",448890
Audio;2025040111115681103265267559660601,5752481819,AUDIO,"OK, no problem, so I will be back in just a few moments.",450519
Audio;2025040111115681103265267559660601,5752482116,AUDIO,That is fine.,450529
Audio;2025040111115681103265267559660601,5752482117,AUDIO,"Oh sales tax, you know sales tax, like the, yeah, the Texas sales tax.",452000
Audio;2025040111115681103265267559660601,5752481820,AUDIO,I just.,453029
Audio;2025040111115681103265267559660601,5752481821,AUDIO,"Well, the tax ID",456619
Audio;2025040111115681103265267559660601,5752481822,AUDIO,"yeah, you are going to need a tax ID, EIN or social",456619
Audio;2025040111115681103265267559660601,5752481823,AUDIO,so I just wanted to confirm because I got to speak with my team real quick just wanted to make sure,456619
Audio;2025040111115681103265267559660601,5752482118,AUDIO,"So, either one, like X of them, right?",464390
Audio;2025040111115681103265267559660601,5752482119,AUDIO,So.,466519
Audio;2025040111115681103265267559660601,5752481824,AUDIO,"Yeah, either one of them, yeah, you only need one.",467049
Audio;2025040111115681103265267559660601,5752482120,AUDIO,"So I OK, tax ID then.",467649
Audio;2025040111115681103265267559660601,5752482121,AUDIO,I have tax ID.,471239
Audio;2025040111115681103265267559660601,5752481825,AUDIO,"OK, got it, so I will collect that from you and you have it now or you want to give it to me in a little while?",471670
Audio;2025040111115681103265267559660601,5752482122,AUDIO,"Mm, no, you, you go back.",478000
Audio;2025040111115681103265267559660601,5752482123,AUDIO,"I have to take a look I am home right now, you know.",479589
Audio;2025040111115681103265267559660601,5752481826,AUDIO,You got it no problem.,480079
Audio;2025040111115681103265267559660601,5752481827,AUDIO,"OK, one moment, I will be right back.",482350
Audio;2025040111115681103265267559660601,5752482124,AUDIO,Thank you for calling Sales enablement.,491079
Audio;2025040111115681103265267559660601,5752482125,AUDIO,This is Marsha.,493440
Audio;2025040111115681103265267559660601,5752482126,AUDIO,How may I help you?,494399
Audio;2025040111115681103265267559660601,5752481828,AUDIO,"Good morning, Miss Rosha.",495799
Audio;2025040111115681103265267559660601,5752481829,AUDIO,It is Ron XXX-XXX.,497019
Audio;2025040111115681103265267559660601,5752481830,AUDIO,How you doing?,499019
Audio;2025040111115681103265267559660601,5752482127,AUDIO,"I am good, Ron",500130
Audio;2025040111115681103265267559660601,5752482128,AUDIO,how are you,500130
Audio;2025040111115681103265267559660601,5752481831,AUDIO,I am great thank you for asking.,502510
Audio;2025040111115681103265267559660601,5752481832,AUDIO,"Miss Marsha, I was wondering if you could build me an account, uh",505450
Audio;2025040111115681103265267559660601,5752481833,AUDIO,"I need, um",505450
Audio;2025040111115681103265267559660601,5752481834,AUDIO,A number that is not there.,510290
Audio;2025040111115681103265267559660601,5752481835,AUDIO,"Well, I need, yeah, there, I need XXX",513599
Audio;2025040111115681103265267559660601,5752481836,AUDIO,I only see XXXX and 11:05,513599
Audio;2025040111115681103265267559660601,5752482129,AUDIO,"OK, what is the address?",521719
Audio;2025040111115681103265267559660601,5752481837,AUDIO,So the address is going to be XXX East Royal Boulevard.,523898
Audio;2025040111115681103265267559660601,5752481838,AUDIO,"That is R O Y A L L, and that is going to be in Malakoff.",527948
Audio;2025040111115681103265267559660601,5752481839,AUDIO,The zip code there is XXXXX.,532629
Audio;2025040111115681103265267559660601,5752482130,AUDIO,"The one, you have got to put in your ticket.",547869
Audio;2025040111115681103265267559660601,5752481840,AUDIO,Serviceability ticket?,553030
Audio;2025040111115681103265267559660601,5752482131,AUDIO,Yes.,554650
Audio;2025040111115681103265267559660601,5752481841,AUDIO,"OK, so I did do that.",555380
Audio;2025040111115681103265267559660601,5752482132,AUDIO,"OK, I do not see it.",557710
Audio;2025040111115681103265267559660601,5752482133,AUDIO,"Let me, let me, let me update my thing.",559640
Audio;2025040111115681103265267559660601,5752481842,AUDIO,OK.,562609
Audio;2025040111115681103265267559660601,5752482134,AUDIO,My word.,564929
Audio;2025040111115681103265267559660601,5752481843,AUDIO,"Oh, I am so sorry, Ms.",566710
Audio;2025040111115681103265267559660601,5752481844,AUDIO,Marsha.,567989
Audio;2025040111115681103265267559660601,5752481845,AUDIO,I did everything but press submit.,568280
Audio;2025040111115681103265267559660601,5752482135,AUDIO,OK.,569859
Audio;2025040111115681103265267559660601,5752481846,AUDIO,"OK, so I just submitted.",572000
Audio;2025040111115681103265267559660601,5752481847,AUDIO,I am sorry.,573260
Audio;2025040111115681103265267559660601,5752482136,AUDIO,All right.,573419
Audio;2025040111115681103265267559660601,5752482137,AUDIO,And I am ready to verify with mom.,604200
Audio;2025040111115681103265267559660601,5752482138,AUDIO,Move.,609130
Audio;2025040111115681103265267559660601,5752481848,AUDIO,"Yeah, move, um, move to, yeah, it is mold, I do not know.",609289
Audio;2025040111115681103265267559660601,5752482139,AUDIO,OK.,611619
Audio;2025040111115681103265267559660601,5752481849,AUDIO,"OK, let us get him on.",614580
Audio;2025040111115681103265267559660601,5752481850,AUDIO,Hello?,616390
Audio;2025040111115681103265267559660601,5752482140,AUDIO,Yes.,618130
Audio;2025040111115681103265267559660601,5752481851,AUDIO,"Hey, thank you so much for holding.",619010
Audio;2025040111115681103265267559660601,5752481852,AUDIO,So you are now um on the line with Ms.,620359
Audio;2025040111115681103265267559660601,5752481853,AUDIO,Marsha.,622559
Audio;2025040111115681103265267559660601,5752481854,AUDIO,She is a part of my sales support team.,622960
Audio;2025040111115681103265267559660601,5752481855,AUDIO,She just needs to confirm some information on the address so that we can look into things and set things up for you.,625150
Audio;2025040111115681103265267559660601,5752482141,AUDIO,OK.,631390
Audio;2025040111115681103265267559660601,5752481856,AUDIO,"Thank you, Miss Marsha.",632729
Audio;2025040111115681103265267559660601,5752481857,AUDIO,"OK, sorry about that.",637849
Audio;2025040111115681103265267559660601,5752481858,AUDIO,"OK, Ms.",640179
Audio;2025040111115681103265267559660601,5752481859,AUDIO,"Marcia, so I have moved on the line, um",640830
Audio;2025040111115681103265267559660601,5752481860,AUDIO,he is aware that you are just going to confirm some information with him about the address so that we can assist him,640830
Audio;2025040111115681103265267559660601,5752482142,AUDIO,"Hello Mo, how are you?",648140
Audio;2025040111115681103265267559660601,5752482143,AUDIO,I am good.,650929
Audio;2025040111115681103265267559660601,5752482144,AUDIO,And um will you please verify the address uh where your business account is located?,652659
Audio;2025040111115681103265267559660601,5752482145,AUDIO,"Uh, the address is XXX East Royal Boulevard, Malakoff, Texas XXXXX.",661010
Audio;2025040111115681103265267559660601,5752482146,AUDIO,"OK, and what suite are you in?",670609
Audio;2025040111115681103265267559660601,5752482147,AUDIO,I am a bit bred right now.,676919
Audio;2025040111115681103265267559660601,5752481861,AUDIO,"No, the suite number.",679200
Audio;2025040111115681103265267559660601,5752482148,AUDIO,Oh.,682669
Audio;2025040111115681103265267559660601,5752482149,AUDIO,What is that number?,684809
Audio;2025040111115681103265267559660601,5752481862,AUDIO,"So you told me that uh uh so Miss Marcia there is, I am sorry, there is no suite number there.",686409
Audio;2025040111115681103265267559660601,5752482150,AUDIO,OK.,691650
Audio;2025040111115681103265267559660601,5752481863,AUDIO,Sorry about that.,692880
Audio;2025040111115681103265267559660601,5752482151,AUDIO,I do not know what you guys.,695030
Audio;2025040111115681103265267559660601,5752482152,AUDIO,I have account number with them you know.,696289
Audio;2025040111115681103265267559660601,5752481864,AUDIO,"Yeah, well, a suite number means if if there is like different sections of the building and you know different offices or something like that but that that does not, that is not relevant to this case, so we are just asking to make sure.",700210
Audio;2025040111115681103265267559660601,5752482153,AUDIO,"Um, let me ask you one thing.",714520
Audio;2025040111115681103265267559660601,5752481865,AUDIO,Sure.,717159
Audio;2025040111115681103265267559660601,5752482154,AUDIO,Yeah.,719849
Audio;2025040111115681103265267559660601,5752482155,AUDIO,"So I can keep the old business phone number, right?",723359
Audio;2025040111115681103265267559660601,5752481866,AUDIO,So yeah if you want to we will and we will discuss that any phone numbers that you want to keep or anything like that we can certainly assist you with that right now what we do is before we install services we just confirm that we can service the exact location that you are looking for so that is all we are doing right.,727820
Audio;2025040111115681103265267559660601,5752482156,AUDIO,OK.,744200
Audio;2025040111115681103265267559660601,5752481867,AUDIO,Now it is just confirming that you do indeed want services at XXX East Royale um so that we can create an account for you once we create that account I am going to review all the services that we have available for you,744695
Audio;2025040111115681103265267559660601,5752481868,AUDIO,you let me know um you know what sounds right for you,744695
Audio;2025040111115681103265267559660601,5752482157,AUDIO,OK.,762650
Audio;2025040111115681103265267559660601,5752481869,AUDIO,OK.,763719
Audio;2025040111115681103265267559660601,5752482158,AUDIO,Yes.,765669
Audio;2025040111115681103265267559660601,5752481870,AUDIO,Thank you.,766419
Audio;2025040111115681103265267559660601,5752482159,AUDIO,You,768580
Audio;2025040111115681103265267559660601,5752481871,AUDIO,"Alright, Miss Marsha, so, um, yeah, if you need anything else from me please let me know.",772789
Audio;2025040111115681103265267559660601,5752482160,AUDIO,Uh they should be.,782549
Audio;2025040111115681103265267559660601,5752482161,AUDIO,Give me just a moment and.,783630
Audio;2025040111115681103265267559660601,5752481872,AUDIO,"Sure, take your time.",785530
Audio;2025040111115681103265267559660601,5752482162,AUDIO,"OK, now you can assist him with XXXX.",817510
Audio;2025040111115681103265267559660601,5752482163,AUDIO,XXX.,825409
Audio;2025040111115681103265267559660601,5752482164,AUDIO,XXX.,828070
Audio;2025040111115681103265267559660601,5752481873,AUDIO,"OK, thank you very much, Miss Marsh.",831130
Audio;2025040111115681103265267559660601,5752481874,AUDIO,I am just going to confirm that again.,833169
Audio;2025040111115681103265267559660601,5752481875,AUDIO,"Alright, that was XXXX.",835400
Audio;2025040111115681103265267559660601,5752481876,AUDIO,XXXXXX,839049
Audio;2025040111115681103265267559660601,5752482165,AUDIO,Yes.,842280
Audio;2025040111115681103265267559660601,5752481877,AUDIO,"Yes ma'am, I am good to go.",843750
Audio;2025040111115681103265267559660601,5752481878,AUDIO,"OK, Miss Marsha.",848469
Audio;2025040111115681103265267559660601,5752482166,AUDIO,Alright thank you you have a good day.,850109
Audio;2025040111115681103265267559660601,5752481879,AUDIO,Thank you kindly.,850270
Audio;2025040111115681103265267559660601,5752481880,AUDIO,Thank you.,850500
Audio;2025040111115681103265267559660601,5752481881,AUDIO,You do the same.,852900
Audio;2025040111115681103265267559660601,5752481882,AUDIO,Thank you very much.,853539
Audio;2025040111115681103265267559660601,5752482167,AUDIO,You are welcome bye.,854880
Audio;2025040111115681103265267559660601,5752481883,AUDIO,"Alright, well, so I am just going to uh set everything up for you",855929
Audio;2025040111115681103265267559660601,5752481884,AUDIO,"I will be right back in a few moments to just review with you, OK",855929
Audio;2025040111115681103265267559660601,5752482168,AUDIO,OK.,862619
Audio;2025040111115681103265267559660601,5752481885,AUDIO,"Alright talk to you soon, please hold.",863669
Audio;2025040111115681103265267559660601,5752482169,AUDIO,And,865739
Audio;2025040111115681103265267559660601,5752481886,AUDIO,"Now, well, I wanted to ask you, um, with regard to the store, I know you said you are going to add cameras, most people do that in retail spaces, especially at restaurants and things like that.",876969
Audio;2025040111115681103265267559660601,5752481887,AUDIO,"Um, are you also going to be doing DoorDash?",888409
Audio;2025040111115681103265267559660601,5752482170,AUDIO,Uh.,895820
Audio;2025040111115681103265267559660601,5752482171,AUDIO,"I, I have not put DoorDash yet.",897080
Audio;2025040111115681103265267559660601,5752482172,AUDIO,They call me too many times,899619
Audio;2025040111115681103265267559660601,5752482173,AUDIO,"uh maybe not, you know",899619
Audio;2025040111115681103265267559660601,5752481888,AUDIO,"OK, well, I mean, it is up to you.",903000
Audio;2025040111115681103265267559660601,5752481889,AUDIO,"I know that a lot of businesses, especially in this area, uh, that is part of their income that, you know, people, you know, especially donuts because it is something that it is quick, it is light, it makes people happy, it is sweet, so people do want to access that, um, especially, um, and I know that you are, uh, I am in the east, I am on the east coast, so we have Dunkin' Donuts, we have Baskin Robbins, we have Krispy Kreme, so we have a lot of doughnut places that are open XX hours a day.",904239
Audio;2025040111115681103265267559660601,5752481890,AUDIO,"And people get DoorDash and things like that, you know, just to get a donut and be able to get it any time they want.",931210
Audio;2025040111115681103265267559660601,5752481891,AUDIO,"So for you, I mean if that is something that you want to do in the future, that is fine.",937900
Audio;2025040111115681103265267559660601,5752482174,AUDIO,OK.,938469
Audio;2025040111115681103265267559660601,5752481892,AUDIO,"I just was bringing that to your attention because, you know, I am pretty sure you want to reach as many people as possible and um you know, DoorDash is a way to do that.",940859
Audio;2025040111115681103265267559660601,5752482175,AUDIO,"Maybe, maybe, you know.",947229
Audio;2025040111115681103265267559660601,5752481893,AUDIO,"Alright, so yeah, maybe if you want to add in the future we will make sure that you can do that uh just bear with me with me a few seconds I will be right back and also um who is your, who do you have a cell phone with?",949500
Audio;2025040111115681103265267559660601,5752482176,AUDIO,"Yeah, Yeah.",950109
Audio;2025040111115681103265267559660601,5752482177,AUDIO,What do you mean?,964369
Audio;2025040111115681103265267559660601,5752482178,AUDIO,"my cell phone, right?",964929
Audio;2025040111115681103265267559660601,5752481894,AUDIO,"Yeah, you have a cell phone.",965789
Audio;2025040111115681103265267559660601,5752481895,AUDIO,What company is it with?,966780
Audio;2025040111115681103265267559660601,5752481896,AUDIO,Is it with the current company you have?,967659
Audio;2025040111115681103265267559660601,5752481897,AUDIO,"Or do you have like T-Mobile or Verizon or who, you know?",969340
Audio;2025040111115681103265267559660601,5752482179,AUDIO,I have a I have a AT&T,971609
Audio;2025040111115681103265267559660601,5752482180,AUDIO,you know,971609
Audio;2025040111115681103265267559660601,5752481898,AUDIO,"OK, got it.",974659
Audio;2025040111115681103265267559660601,5752481899,AUDIO,"Alright, so yeah, I will be back with you to just review everything um for Donut Palace",975599
Audio;2025040111115681103265267559660601,5752481900,AUDIO,"you let me know, OK",975599
Audio;2025040111115681103265267559660601,5752482181,AUDIO,"Oh, the, the, the donut palace, I just the bridesit phone number, you know.",982239
Audio;2025040111115681103265267559660601,5752481901,AUDIO,"Right, so what is the phone number?",987669
Audio;2025040111115681103265267559660601,5752482182,AUDIO,I it XXX XXX.,987979
Audio;2025040111115681103265267559660601,5752481902,AUDIO,"Yes, what is that phone number that you wanted to bring over?",989190
Audio;2025040111115681103265267559660601,5752482183,AUDIO,"XXXX is my business phone number, you know, they call the order and everything.",999020
Audio;2025040111115681103265267559660601,5752481903,AUDIO,OK.,1002820
Audio;2025040111115681103265267559660601,5752481904,AUDIO,"Alright, so everybody orders at XXX-XXX-XXXX.",1004609
Audio;2025040111115681103265267559660601,5752482184,AUDIO,"Or, or",1009409
Audio;2025040111115681103265267559660601,5752482185,AUDIO,"or we have a new phone number, we just change at the Google or what",1009409
Audio;2025040111115681103265267559660601,5752481905,AUDIO,"Well, it is up to you.",1014429
Audio;2025040111115681103265267559660601,5752481906,AUDIO,"You, I was going to ask you how many phone lines you need, so it is up to you if you know you can have as, you know, we could do X, we could do XX if you want to do X, we could do X phone lines, um, but or if you just need the X and then you, you are going to use the Google phone that is up to you.",1015330
Audio;2025040111115681103265267559660601,5752482186,AUDIO,"No, no, no, no, no.",1022830
Audio;2025040111115681103265267559660601,5752482187,AUDIO,"Yeah, I, I have this one phone line at the store, you know, and uh I just have two phones, you know, they have Wi Fi connected together on the phone.",1031030
Audio;2025040111115681103265267559660601,5752482188,AUDIO,"I bought it at Walmart and then everybody call it with X phones, you know what I mean?",1039439
Audio;2025040111115681103265267559660601,5752481907,AUDIO,Got it.,1043489
Audio;2025040111115681103265267559660601,5752481908,AUDIO,"OK, no problem.",1044020
Audio;2025040111115681103265267559660601,5752481909,AUDIO,"So yeah, we will set you up with that one connection",1044969
Audio;2025040111115681103265267559660601,5752481910,AUDIO,then you will keep your Wi Fi and phone connection as well,1044969
Audio;2025040111115681103265267559660601,5752482189,AUDIO,Yeah.,1050390
Audio;2025040111115681103265267559660601,5752481911,AUDIO,"OK, alright, thanks for letting me know I am, I will be right back.",1050989
Audio;2025040111115681103265267559660601,5752482190,AUDIO,OK.,1055030
Audio;2025040111115681103265267559660601,5752481912,AUDIO,Thanks.,1055839
Audio;2025040111115681103265267559660601,5752481913,AUDIO,"OK, so I am just waiting, uh, notes for the calendar to show me when we can get out to you to install everything",1144109
Audio;2025040111115681103265267559660601,5752481914,AUDIO,I am going to review uh what we have with you,1144109
Audio;2025040111115681103265267559660601,5752481915,AUDIO,"Um, I wanted to ask you, you already have services uh there at at uh at Donut Palace?",1153079
Audio;2025040111115681103265267559660601,5752481916,AUDIO,You already have internet and stuff there?,1159910
Audio;2025040111115681103265267559660601,5752482191,AUDIO,Yes.,1162630
Audio;2025040111115681103265267559660601,5752481917,AUDIO,"OK, so I understand um why you know people look into new different things so for you why is it that you wanted to switch your internet service?",1163439
Audio;2025040111115681103265267559660601,5752482192,AUDIO,OK.,1164300
Audio;2025040111115681103265267559660601,5752481918,AUDIO,What is going on with your current service?,1172130
Audio;2025040111115681103265267559660601,5752482193,AUDIO,"Uh, I like your service better, you know",1174579
Audio;2025040111115681103265267559660601,5752482194,AUDIO,because I use your service at my home,1174579
Audio;2025040111115681103265267559660601,5752481919,AUDIO,Mhm.,1179099
Audio;2025040111115681103265267559660601,5752482195,AUDIO,"I like it better, so.",1179219
Audio;2025040111115681103265267559660601,5752481920,AUDIO,OK.,1181969
Audio;2025040111115681103265267559660601,5752482196,AUDIO,And save money.,1182020
Audio;2025040111115681103265267559660601,5752481921,AUDIO,"OK, so to save money, uh, so you like our services better",1183439
Audio;2025040111115681103265267559660601,5752481922,AUDIO,you wanted to save money,1183439
Audio;2025040111115681103265267559660601,5752481923,AUDIO,"So with regard to our services, I know that we have a guarantee and we do not use, you know, we do not do contracts and things like that for you though, what was it about the service that you like?",1188670
Audio;2025040111115681103265267559660601,5752482197,AUDIO,What do you mean?,1200560
Audio;2025040111115681103265267559660601,5752481924,AUDIO,"Well, you said the service is better so when you say the service is better, what about the service is better?",1201930
Audio;2025040111115681103265267559660601,5752482198,AUDIO,"Like, you know, it is not off and on, you know",1209150
Audio;2025040111115681103265267559660601,5752482199,AUDIO,you know what I mean,1209150
Audio;2025040111115681103265267559660601,5752481925,AUDIO,Well yeah we do get a lot of calls that people are having interruptions,1212530
Audio;2025040111115681103265267559660601,5752481926,AUDIO,so are you having interruptions with your current service,1212530
Audio;2025040111115681103265267559660601,5752482200,AUDIO,Like Yeah.,1213270
Audio;2025040111115681103265267559660601,5752481927,AUDIO,"OK, and is that daily or you having it once in a while or here and there?",1220219
Audio;2025040111115681103265267559660601,5752482201,AUDIO,"No, like, uh, every time like, uh, you know, raining, windy, you know.",1224619
Audio;2025040111115681103265267559660601,5752482202,AUDIO,"In the internet, you know",1230020
Audio;2025040111115681103265267559660601,5752482203,AUDIO,"the, the, the optimum",1230020
Audio;2025040111115681103265267559660601,5752481928,AUDIO,OK.,1230030
Audio;2025040111115681103265267559660601,5752482204,AUDIO,"When the raining, they text me, you know, said, oh, maybe they, they have a issue problem, they are going to fix it maybe a couple hours, you know, when they resolve the problem, they text me back, you know.",1235640
Audio;2025040111115681103265267559660601,5752482205,AUDIO,"So they, I know everything, so it is easy for me, you know.",1246680
Audio;2025040111115681103265267559660601,5752481929,AUDIO,Yeah.,1247260
Audio;2025040111115681103265267559660601,5752481930,AUDIO,"Yeah, it is interesting that you say that because we do all our packages now come with a new failover service because we have people in your area that have issues with weather and with you know having that.",1250020
Audio;2025040111115681103265267559660601,5752481931,AUDIO,"So what what the backup does is it allows you to maintain services even if there is an outage for up to X hours, phone and internet, so you will not be missing, uh, any sales and things like that.",1261369
Audio;2025040111115681103265267559660601,5752481932,AUDIO,"So, uh.",1271819
Audio;2025040111115681103265267559660601,5752482206,AUDIO,"Uh, the thing is I do not need the backup one.",1273119
Audio;2025040111115681103265267559660601,5752482207,AUDIO,I just need the internet.,1275829
Audio;2025040111115681103265267559660601,5752481933,AUDIO,"OK, that is fine.",1275910
Audio;2025040111115681103265267559660601,5752481934,AUDIO,"OK, well, that is fine.",1277410
Audio;2025040111115681103265267559660601,5752481935,AUDIO,"I mean, I, you know, because you have intermittent things and people like I said in the Texas region, especially uh in the Tyler area are taking advantage.",1278410
Audio;2025040111115681103265267559660601,5752481936,AUDIO,"But if you do not need it, hey, you know it, you know your business.",1286410
Audio;2025040111115681103265267559660601,5752481937,AUDIO,Now I wanted to ask you how much are you currently paying um for your internet package?,1289130
Audio;2025040111115681103265267559660601,5752482208,AUDIO,XXX,1294579
Audio;2025040111115681103265267559660601,5752481938,AUDIO,"OK, so this is what I was going to tell you because I know that you, you know, you said you had the XXX.",1296270
Audio;2025040111115681103265267559660601,5752481939,AUDIO,This is what I would like to do for you.,1300949
Audio;2025040111115681103265267559660601,5752481940,AUDIO,This is definitely what I can do.,1302630
Audio;2025040111115681103265267559660601,5752481941,AUDIO,So I have our gateway promo.,1305069
Audio;2025040111115681103265267559660601,5752482209,AUDIO,OK.,1305449
Audio;2025040111115681103265267559660601,5752481942,AUDIO,It is going to give you the XXX internet.,1307469
Audio;2025040111115681103265267559660601,5752481943,AUDIO,It is going to come with the gateway router modem and also it is going to come with that phone line.,1309489
Audio;2025040111115681103265267559660601,5752481944,AUDIO,"Um, this is going to come with a.",1314310
Audio;2025040111115681103265267559660601,5752481945,AUDIO,"Money back guarantee, um, we are able to.",1317800
Audio;2025040111115681103265267559660601,5752481946,AUDIO,I can hook you up.,1323020
Audio;2025040111115681103265267559660601,5752481947,AUDIO,I can give you the XXX internet.,1324089
Audio;2025040111115681103265267559660601,5752481948,AUDIO,"It is going to cover your POS systems that you have, any cameras that you add, any Wi Fi that you want to share with your customers, or even if you decide to do DoorDash in the future.",1325689
Audio;2025040111115681103265267559660601,5752481949,AUDIO,This is going to be less than what you are currently paying.,1336250
Audio;2025040111115681103265267559660601,5752482210,AUDIO,OK.,1337099
Audio;2025040111115681103265267559660601,5752481950,AUDIO,This is going to be $125 even.,1338329
Audio;2025040111115681103265267559660601,5752481951,AUDIO,"Um, there is a one time install of $100",1340890
Audio;2025040111115681103265267559660601,5752481952,AUDIO,"if you sign up for autopay, uh, you will get a $5 discount so you can get as low as $120 just by signing up for autopay",1340890
Audio;2025040111115681103265267559660601,5752481953,AUDIO,"Um, I can, uh, I am just trying to see when I can get a tech out to set that up for you, and we also have additional savings with Optimum Business Mobile if you wanted to get a cell phone as well, but without the cell phone, without the auto pay, it is just XXX and um like I said I just need to know from you um who is going to be on site because we can uh come over there and install services.",1352439
Audio;2025040111115681103265267559660601,5752482211,AUDIO,OK.,1359000
Audio;2025040111115681103265267559660601,5752481954,AUDIO,"Um, pretty quickly and, and upgrade you right now and get your speed way faster than it is now, uh, at a lower price.",1377859
Audio;2025040111115681103265267559660601,5752482212,AUDIO,"Um, XXX megabytes.",1388890
Audio;2025040111115681103265267559660601,5752481955,AUDIO,"Right, so you are going to get XXX megabytes.",1391920
Audio;2025040111115681103265267559660601,5752481956,AUDIO,It is going to come with a gateway,1393760
Audio;2025040111115681103265267559660601,5752481957,AUDIO,"a router, a modem",1393760
Audio;2025040111115681103265267559660601,5752481958,AUDIO,You are also going to get that phone.,1395839
Audio;2025040111115681103265267559660601,5752481959,AUDIO,We are going to port and bring that phone number over and you will be at XXX even and it looks like we can get to you.,1397760
Audio;2025040111115681103265267559660601,5752481960,AUDIO,I can have somebody out there.,1406959
Audio;2025040111115681103265267559660601,5752481961,AUDIO,Let me see.,1410790
Audio;2025040111115681103265267559660601,5752481962,AUDIO,"OK, so it looks like Friday was available, but I am just looking here.",1414170
Audio;2025040111115681103265267559660601,5752481963,AUDIO,"I do not know if it just got blocked out or if it is still available, but for you when did you want to have services installed?",1418619
Audio;2025040111115681103265267559660601,5752482213,AUDIO,"Yeah, anytime, you know, because when, when, when your, your people come to install",1425770
Audio;2025040111115681103265267559660601,5752482214,AUDIO,"the service work, well, I can at least connect by with my current company, you know",1425770
Audio;2025040111115681103265267559660601,5752481964,AUDIO,"Yeah, that makes sense that totally makes sense so let me just confirm when we now are you are going to be there for the installation or is someone else going to be there just to confirm I just want to make sure I know who is going to be on site.",1437439
Audio;2025040111115681103265267559660601,5752482215,AUDIO,"It is me, you know, I, I wait until the",1450689
Audio;2025040111115681103265267559660601,5752482216,AUDIO,"the people come, this Friday is going to be on",1450689
Audio;2025040111115681103265267559660601,5752481965,AUDIO,OK perfect.,1454819
Audio;2025040111115681103265267559660601,5752482217,AUDIO,"4th, right?",1458599
Audio;2025040111115681103265267559660601,5752481966,AUDIO,"Yes, so this Friday is the 4th.",1460170
Audio;2025040111115681103265267559660601,5752481967,AUDIO,I am just trying to confirm the time because I believe uh that it is telling me only X to XX is available,1461729
Audio;2025040111115681103265267559660601,5752481968,AUDIO,I just want to confirm,1461729
Audio;2025040111115681103265267559660601,5752482218,AUDIO,"Oh, hold on, let, let, let me go back and ask you about the things, you know.",1468849
Audio;2025040111115681103265267559660601,5752481969,AUDIO,"Sure, yeah, go ahead, ask me anything you want.",1472199
Audio;2025040111115681103265267559660601,5752482219,AUDIO,"It is You have XXX megabytes you said the, with the router, the modem and everything like XXX plus tech, right?",1473650
Audio;2025040111115681103265267559660601,5752482220,AUDIO,Or what?,1481550
Audio;2025040111115681103265267559660601,5752481970,AUDIO,"Right, it is XXX plus plus taxes, so whatever the taxes are going to be in your area, that is going to be calculated, um, so keep in mind I do not take any money from you and you do not pay the tax, so everything's going to come on a bill and it will show you the XXX and whatever taxes are available in your region because it is based on your state and your town and local things like that so we do not make the taxes, but the, the taxes are added based on uh the area of the business.",1483439
Audio;2025040111115681103265267559660601,5752482221,AUDIO,"Oh, I I do not know how many packs because like.",1484050
Audio;2025040111115681103265267559660601,5752481971,AUDIO,"Well, yeah, I do not see it being more than like $70 you know, I mean, I, you know, I do not see it being more than that.",1514079
Audio;2025040111115681103265267559660601,5752482222,AUDIO,OK.,1522109
Audio;2025040111115681103265267559660601,5752481972,AUDIO,"You know it is not like you are in, you know, California, California",1522229
Audio;2025040111115681103265267559660601,5752481973,AUDIO,"the taxes are really high, uh, but in your, um, in your location, you know that I am not seeing",1522229
Audio;2025040111115681103265267559660601,5752481974,AUDIO,"So now, uh, it looks like",1531500
Audio;2025040111115681103265267559660601,5752481975,AUDIO,"yeah, so the the dates are booking now",1531500
Audio;2025040111115681103265267559660601,5752481976,AUDIO,"Now I do not, I, I actually do not even have Friday anymore.",1536459
Audio;2025040111115681103265267559660601,5752481977,AUDIO,"The latest, the soonest I will have is Tuesday XX to X, and it is just because things are booking so fast in your area just in that quick time we were talking, they booked so.",1539699
Audio;2025040111115681103265267559660601,5752482223,AUDIO,Tuesday XX.,1550609
Audio;2025040111115681103265267559660601,5752481978,AUDIO,"Yeah, so XX to X, so I would like to schedule you for that date, um, because it is the soonest date as long as you are available.",1552510
Audio;2025040111115681103265267559660601,5752481979,AUDIO,"Remember there is no payment due, go ahead.",1559040
Audio;2025040111115681103265267559660601,5752482224,AUDIO,"XXXX is the Tuesday, which, which Tuesday, the date?",1559670
Audio;2025040111115681103265267559660601,5752481980,AUDIO,Tuesday is April 8th.,1564089
Audio;2025040111115681103265267559660601,5752482225,AUDIO,"OK Oh, April 8th, yeah, yeah.",1565449
Audio;2025040111115681103265267559660601,5752481981,AUDIO,Does that work for you?,1568670
Audio;2025040111115681103265267559660601,5752482226,AUDIO,Yeah.,1570660
Audio;2025040111115681103265267559660601,5752481982,AUDIO,"OK, excellent.",1571510
Audio;2025040111115681103265267559660601,5752481983,AUDIO,"So I am going to, you are all set.",1572560
Audio;2025040111115681103265267559660601,5752481984,AUDIO,"I am listing this to, uh, call you.",1575520
Audio;2025040111115681103265267559660601,5752481985,AUDIO,The tech will call you XX minutes before they arrive at XXX-XXX-XXXX,1578359
Audio;2025040111115681103265267559660601,5752481986,AUDIO,"this is going to be congratulations, this is going to be for Donut Palace",1578359
Audio;2025040111115681103265267559660601,5752481987,AUDIO,"Donut Palace is located at XXX East Royal Boulevard and Malakoff, Texas.",1591640
Audio;2025040111115681103265267559660601,5752481988,AUDIO,The zip code is XXXXX.,1596569
Audio;2025040111115681103265267559660601,5752481989,AUDIO,You are going to be getting the XXX internet gateway combo.,1599209
Audio;2025040111115681103265267559660601,5752481990,AUDIO,"It is going to come with the phone bundled in as well, uh, at $125 even and with the one time install of $100.",1602329
Audio;2025040111115681103265267559660601,5752481991,AUDIO,There is no payment due today.,1609130
Audio;2025040111115681103265267559660601,5752481992,AUDIO,Everything will come on a prorated bill.,1610890
Audio;2025040111115681103265267559660601,5752481993,AUDIO,Now I only need two things from you.,1613250
Audio;2025040111115681103265267559660601,5752481994,AUDIO,I move.,1615579
Audio;2025040111115681103265267559660601,5752481995,AUDIO,I need your tax ID,1616089
Audio;2025040111115681103265267559660601,5752481996,AUDIO,I need you to set up a X digit PIN for your account,1616089
Audio;2025040111115681103265267559660601,5752481997,AUDIO,"So that when you call in, um, either or if you have an account manager or something like that that calls in we are going to ask them for the X digit pin that you created today.",1621849
Audio;2025040111115681103265267559660601,5752482227,AUDIO,"Um, so, So you help you with it for your tax ID?",1627709
Audio;2025040111115681103265267559660601,5752481998,AUDIO,"Yes, yes.",1633670
Audio;2025040111115681103265267559660601,5752482228,AUDIO,XXX XX XXX XX XX X,1636329
Audio;2025040111115681103265267559660601,5752481999,AUDIO,"OK, so that is XX.",1651270
Audio;2025040111115681103265267559660601,5752482000,AUDIO,XXXXXXXXX,1653650
Audio;2025040111115681103265267559660601,5752482229,AUDIO,Correct.,1660420
Audio;2025040111115681103265267559660601,5752482001,AUDIO,OK perfect and what is the um what is the X digit pin number that you wanted to set on your account?,1661229
Audio;2025040111115681103265267559660601,5752482230,AUDIO,"Uh, XXX XX, I put the same, yeah, yeah, that is fine.",1668390
Audio;2025040111115681103265267559660601,5752482002,AUDIO,"OK, alright, XXXX so I just got to wait for the system to accept XXXX",1671229
Audio;2025040111115681103265267559660601,5752482003,AUDIO,you will be all set,1671229
Audio;2025040111115681103265267559660601,5752482004,AUDIO,I will provide you with the new account number,1671229
Audio;2025040111115681103265267559660601,5752482005,AUDIO,"Uh, keep in mind you are eligible for Optimum Business Mobile, so if you want to get a new iPhone or a new Android, I know you have AT&T, um, so just keep in mind if you ever want to get a new phone through us",1683020
Audio;2025040111115681103265267559660601,5752482006,AUDIO,"you want to bring that phone over, um, you are able to do so and you will not only will you get a discount on your internet, go ahead",1683020
Audio;2025040111115681103265267559660601,5752482231,AUDIO,"Hold on, hold on.",1699569
Audio;2025040111115681103265267559660601,5752482232,AUDIO,"What, what about the, the XXX megabyte no phone line or with phone line?",1701290
Audio;2025040111115681103265267559660601,5752482007,AUDIO,"No, no, no, you get it.",1705150
Audio;2025040111115681103265267559660601,5752482008,AUDIO,"You are, you are, you are getting the phone line.",1706199
Audio;2025040111115681103265267559660601,5752482009,AUDIO,"I am letting you know, congratulations, sir",1707979
Audio;2025040111115681103265267559660601,5752482010,AUDIO,"because you are a new business with us, you are eligible for Donut Palace to get a mobile phone",1707979
Audio;2025040111115681103265267559660601,5752482011,AUDIO,So it is up to you.,1716439
Audio;2025040111115681103265267559660601,5752482012,AUDIO,You do not have to take advantage of it now or whenever you like.,1717119
Audio;2025040111115681103265267559660601,5752482013,AUDIO,"But do know because you are a business customer with us, you can get a business mobile phone if ever you choose.",1720114
Audio;2025040111115681103265267559660601,5752482014,AUDIO,"Um, you can get a new iPhone, a new Android, or you could bring a phone over to us, but you are not eligible for that because you became an optimum business customer.",1726645
Audio;2025040111115681103265267559660601,5752482233,AUDIO,Oh.,1727660
Audio;2025040111115681103265267559660601,5752482234,AUDIO,OK.,1736339
Audio;2025040111115681103265267559660601,5752482015,AUDIO,"All right, so you are all set.",1737209
Audio;2025040111115681103265267559660601,5752482235,AUDIO,So what about the what about the business number it is going to be the same or different?,1737890
Audio;2025040111115681103265267559660601,5752482016,AUDIO,"So, so we are going to remember we are going to be porting your number.",1742239
Audio;2025040111115681103265267559660601,5752482017,AUDIO,So what is going to happen is after we complete what in a few moments you are going to get an email.,1748180
Audio;2025040111115681103265267559660601,5752482018,AUDIO,And the email is going to be what we call an LOA document and that is going to be so that it is called a letter of authorization so that we can get permission to bring your phone number over from the company that is currently at.,1755560
Audio;2025040111115681103265267559660601,5752482236,AUDIO,OK.,1769640
Audio;2025040111115681103265267559660601,5752482019,AUDIO,"OK, so that is what is going to happen.",1770510
Audio;2025040111115681103265267559660601,5752482020,AUDIO,"um, you are going to get the email and all we ask is that you complete that email and send it back to me as soon as you can and other than that you will be all set when the tech comes by, they are going to install your services and once they leave you will um be able to receive calls in you know from that business number um that we are going to be porting over and that number is XXX-XXX-XXXX.",1772670
Audio;2025040111115681103265267559660601,5752482237,AUDIO,"XXX-XXX-XXX, yes.",1800160
Audio;2025040111115681103265267559660601,5752482021,AUDIO,OK perfect just wanted to make sure.,1803479
Audio;2025040111115681103265267559660601,5752482238,AUDIO,"Uh, so what, what is the best number that I can, uh",1803890
Audio;2025040111115681103265267559660601,5752482239,AUDIO,I can reach you like,1803890
Audio;2025040111115681103265267559660601,5752482240,AUDIO,"You know, you know, can talk about it, you know.",1810290
Audio;2025040111115681103265267559660601,5752482022,AUDIO,Well what I am going to do is I am about to email you.,1811660
Audio;2025040111115681103265267559660601,5752482023,AUDIO,"I am about to email you so this way if you need anything because I am going to be your, your account manager so if you need anything you just email me back and I will take care of it.",1814619
Audio;2025040111115681103265267559660601,5752482241,AUDIO,Mhm.,1817589
Audio;2025040111115681103265267559660601,5752482024,AUDIO,So I am going to email you.,1824540
Audio;2025040111115681103265267559660601,5752482025,AUDIO,I will place you on a brief hold.,1825939
Audio;2025040111115681103265267559660601,5752482026,AUDIO,"I will send you a test email, um, so this way I make sure you get it",1827020
Audio;2025040111115681103265267559660601,5752482027,AUDIO,then if you need anything else you could just email me back,1827020
Audio;2025040111115681103265267559660601,5752482242,AUDIO,OK.,1833849
Audio;2025040111115681103265267559660601,5752482028,AUDIO,"Alright, so yeah, I am going to place you on a brief hold",1834750
Audio;2025040111115681103265267559660601,5752482029,AUDIO,I will send you a test email so you can get in contact with me if you need to,1834750
Audio;2025040111115681103265267559660601,5752482243,AUDIO,OK.,1840560
Audio;2025040111115681103265267559660601,5752482030,AUDIO,"Alright, be right back.",1841479
Audio;2025040111115681103265267559660601,5752482031,AUDIO,"Alright, so I, I just sent out the test email to you, uh, just also look out.",1992939
Audio;2025040111115681103265267559660601,5752482032,AUDIO,For uh that email too for the LOA.,2000739
Audio;2025040111115681103265267559660601,5752482244,AUDIO,Mhm.,2004709
Audio;2025040111115681103265267559660601,5752482033,AUDIO,"All right, and as I said, once you complete that, uh, please email that back to me um as soon as possible and uh other than that you are all, you are all set, uh, congratulations and also the email I sent you, it does include.",2005920
Audio;2025040111115681103265267559660601,5752482034,AUDIO,Let me see here.,2023060
Audio;2025040111115681103265267559660601,5752482035,AUDIO,One moment here.,2025410
Audio;2025040111115681103265267559660601,5752482245,AUDIO,"Optimum business, so.",2031400
Audio;2025040111115681103265267559660601,5752482036,AUDIO,"Alright, so yeah, it does include um your account number, uh and it also includes your access code as well just so that you have that.",2033510
Audio;2025040111115681103265267559660601,5752482037,AUDIO,"I know that you created that yourself, it is just sometimes.",2042109
Audio;2025040111115681103265267559660601,5752482246,AUDIO,Yeah.,2048530
Audio;2025040111115681103265267559660601,5752482038,AUDIO,People forget.,2048629
Audio;2025040111115681103265267559660601,5752482039,AUDIO,I do not know what is going on here.,2049949
Audio;2025040111115681103265267559660601,5752482040,AUDIO,One second.,2051870
Audio;2025040111115681103265267559660601,5752482041,AUDIO,So like the the.,2061330
Audio;2025040111115681103265267559660601,5752482042,AUDIO,One moment here.,2066138
Audio;2025040111115681103265267559660601,5752482043,AUDIO,"OK, so it looks like it was for Tuesday.",2072510
Audio;2025040111115681103265267559660601,5752482044,AUDIO,Now it is showing me Wednesday.,2074860
Audio;2025040111115681103265267559660601,5752482045,AUDIO,Let me just confirm here.,2076199
Audio;2025040111115681103265267559660601,5752482247,AUDIO,"Wednesday is fine, you know, it is not a big deal.",2084418
Audio;2025040111115681103265267559660601,5752482046,AUDIO,"OK, yeah, so, yeah, so it is going to be confirmed for Wednesday.",2085909
Audio;2025040111115681103265267559660601,5752482047,AUDIO,"You are all set, um, and the email and everything has been received, um, alright, so yeah, OK, and I got everything back from you, perfect.",2089330
Audio;2025040111115681103265267559660601,5752482048,AUDIO,"So yeah, you are all set if again if you need anything else, if you are interested in a cell phone or anything in the future, if you want to open up another location, anything you need at all, um, you email me",2098020
Audio;2025040111115681103265267559660601,5752482049,AUDIO,I will get back to you as soon as possible,2098020
Audio;2025040111115681103265267559660601,5752482248,AUDIO,"If I, if I put my phone line like I have like XXX.",2110649
Audio;2025040111115681103265267559660601,5752482249,AUDIO,XX phone line you you going to be discount right because right now my cell phone.,2116320
Audio;2025040111115681103265267559660601,5752482050,AUDIO,"Correct, so yes, exactly, yes, so keep that in mind and this is what I want you to know whatever discount you get on the cell phone, it is for as long as you have a phone so it does not expire, it is not like next year or the year after that they are going to keep giving you that discount.",2120860
Audio;2025040111115681103265267559660601,5752482250,AUDIO,"OK, and uh what about the price like going to be XXX for when we go up or down or something like that?",2138270
Audio;2025040111115681103265267559660601,5752482051,AUDIO,"Well, no, so you are going to be, you are going to be in a X year promo.",2145540
Audio;2025040111115681103265267559660601,5752482052,AUDIO,"So as your account manager if you ever want to make changes or if say your promo is about to expire, you want me to put you in a different one, that is when I come in",2148580
Audio;2025040111115681103265267559660601,5752482053,AUDIO,I work my magic to make sure that you know you can keep what you have,2148580
Audio;2025040111115681103265267559660601,5752482054,AUDIO,you know we will we will put you in the best promo we have,2148580
Audio;2025040111115681103265267559660601,5752482251,AUDIO,OK.,2164300
Audio;2025040111115681103265267559660601,5752482055,AUDIO,"Alright, so again when I say if you need something you just email me so this way you do not have to call in and get transferred",2165189
Audio;2025040111115681103265267559660601,5752482056,AUDIO,I have to wait you can just email me I am your account manager,2165189
Audio;2025040111115681103265267559660601,5752482057,AUDIO,I will update your account for you,2165189
Audio;2025040111115681103265267559660601,5752482252,AUDIO,"OK, and uh this on the 8th on the Wednesday on the 9th, right?",2177219
Audio;2025040111115681103265267559660601,5752482058,AUDIO,Mhm.,2183129
Audio;2025040111115681103265267559660601,5752482253,AUDIO,On the 9th when they come.,2183600
Audio;2025040111115681103265267559660601,5752482254,AUDIO,"They are going to hook up and everything, install the phone line and internet and everything",2186899
Audio;2025040111115681103265267559660601,5752482255,AUDIO,"the same number like I have, right",2186899
Audio;2025040111115681103265267559660601,5752482059,AUDIO,"Exactly, so they are going to install everything and when they leave your phone number that everyone has been calling will be up and running and you will be able to log in and create your account online.",2193689
Audio;2025040111115681103265267559660601,5752482060,AUDIO,"So you will be able to do everything, you know, once they leave and you will be up and running and then you can cancel whatever service you currently have and you know move on with the better service that you like with Optimum.",2203689
Audio;2025040111115681103265267559660601,5752482256,AUDIO,"OK, OK.",2214790
Audio;2025040111115681103265267559660601,5752482061,AUDIO,"Alright, well, so you are all set.",2216590
Audio;2025040111115681103265267559660601,5752482062,AUDIO,"Uh, I got your back",2218310
Audio;2025040111115681103265267559660601,5752482063,AUDIO,"you know, congratulations",2218310
Audio;2025040111115681103265267559660601,5752482257,AUDIO,"OK, thanks.",2222159
Audio;2025040111115681103265267559660601,5752482064,AUDIO,Thanks for choosing Optimum.,2223310
Audio;2025040111115681103265267559660601,5752482065,AUDIO,"You have a great day, my friend.",2224389
Audio;2025040111115681103265267559660601,5752482258,AUDIO,"OK, bye.",2225870
